PassengerId,Survived,Pclass,Name,Age,SibSp,Parch,Ticket,Fare,Sex_female,Sex_male,Embarked_C,Embarked_Q,Embarked_S
1,0,3,"Braund, Mr. Owen Harris",-0.5657364610748746,1,0,A/5 21171,-0.5024451714361923,0,1,0,0,1
3,1,3,"Heikkinen, Miss. Laina",-0.2583370877897099,0,0,STON/O2. 3101282,-0.4888542575852486,1,0,0,0,1
4,1,1,"Futrelle, Mrs. Jacques Heath (Lily May Peel)",0.4333115021019107,1,0,113803,0.4207302360686478,1,0,0,0,1
5,0,3,"Allen, Mr. William Henry",0.4333115021019107,0,0,373450,-0.4863374216869257,0,1,0,0,1
6,0,3,"Moran, Mr. James",-0.10463740114712752,0,0,330877,-0.47811642890864375,0,1,0,1,0
9,1,3,"Johnson, Mrs. Oscar W (Elisabeth Vilhelmina Berg)",-0.1814872444684187,0,2,347742,-0.4242561406845337,1,0,0,0,1
10,1,2,"Nasser, Mrs. Nicholas (Adele Achem)",-1.180535207645204,1,0,237736,-0.04295550208861426,1,0,1,0,0
13,0,3,"Saundercock, Mr. William Henry",-0.719436147717457,0,0,A/5. 2151,-0.4863374216869257,0,1,0,0,1
14,0,3,"Andersson, Mr. Anders Johan",0.7407108753870755,1,5,347082,-0.01870931177853076,0,1,0,0,1
15,0,3,"Vestrom, Miss. Hulda Amanda Adolfina",-1.180535207645204,0,0,350406,-0.4902797934380587,1,0,0,0,1
18,1,2,"Williams, Mr. Charles Eugene",-0.10463740114712752,0,0,244373,-0.3866707201133388,0,1,0,0,1
19,0,3,"Vander Planke, Mrs. Julius (Emelia Maria Vandemoortele)",0.12591212881674602,1,0,345763,-0.2859972841804228,1,0,0,0,1
20,1,3,"Masselmani, Mrs. Fatima",-0.10463740114712752,0,0,2649,-0.5029485386158568,1,0,1,0,0
21,0,2,"Fynney, Mr. Joseph J",0.4333115021019107,0,0,239865,-0.12491978668775715,0,1,0,0,1
22,1,2,"Beesley, Mr. Lawrence",0.35646165878061953,0,0,248698,-0.3866707201133388,0,1,0,0,1
23,1,3,"McGowan, Miss. Anna ""Annie""",-1.1036853643239128,0,0,330923,-0.4867562231804066,1,0,0,1,0
24,1,1,"Sloper, Mr. William Thompson",-0.10463740114712752,0,0,113788,0.06635974158478332,0,1,0,0,1
25,0,3,"Palsson, Miss. Torborg Danira",-1.6416342675729512,3,1,349909,-0.22408312108167944,1,0,0,0,1
26,1,3,"Asplund, Mrs. Carl Oscar (Selma Augusta Emilia Johansson)",0.6638610320657843,1,5,347077,-0.016444159470040135,1,0,0,0,1
27,0,3,"Emir, Mr. Farred Chehab",-0.10463740114712752,0,0,2631,-0.5029485386158568,0,1,1,0,0
29,1,3,"O'Dwyer, Miss. Ellen ""Nellie""",-0.10463740114712752,0,0,330959,-0.48977642625839407,1,0,0,1,0
30,0,3,"Todoroff, Mr. Lalio",-0.10463740114712752,0,0,349216,-0.4894421904510968,0,1,0,0,1
31,0,1,"Uruchurtu, Don. Manuel E",0.8175607187083667,0,0,PC 17601,-0.09027201697708476,0,1,1,0,0
33,1,3,"Glynn, Miss. Mary Agatha",-0.10463740114712752,0,0,335677,-0.49237782784290063,1,0,0,1,0
36,0,1,"Holverson, Mr. Alexander Oskar",0.9712604053509489,1,0,113789,0.39858208016340624,0,1,0,0,1
37,1,3,"Mamee, Mr. Hanna",-0.10463740114712752,0,0,2677,-0.5028639729296732,0,1,1,0,0
38,0,3,"Cann, Mr. Ernest Charles",-0.6425863043961658,0,0,A./5. 2152,-0.4863374216869257,0,1,0,0,1
39,0,3,"Vander Planke, Miss. Augusta Maria",-0.8731358343600393,2,0,345764,-0.2859972841804228,1,0,0,0,1
40,1,3,"Nicola-Yarred, Miss. Jamila",-1.180535207645204,1,0,2651,-0.42207354059350805,1,0,1,0,0
41,0,3,"Ahlin, Mrs. Johan (Johanna Persdotter Larsson)",0.8175607187083667,1,0,7546,-0.4576454924460446,1,0,0,0,1
42,0,2,"Turpin, Mrs. William John Robert (Dorothy Ann Wonnacott)",-0.1814872444684187,1,0,11668,-0.22559322262067316,1,0,0,0,1
43,0,3,"Kraeff, Mr. Theodor",-0.10463740114712752,0,0,349253,-0.4894421904510968,0,1,1,0,0
45,1,3,"Devaney, Miss. Margaret Delia",-0.7962859910387481,0,0,330958,-0.48977642625839407,1,0,0,1,0
46,0,3,"Rogers, Mr. William John",-0.10463740114712752,0,0,S.C./A.4. 23567,-0.4863374216869257,0,1,0,0,1
47,0,3,"Lennon, Mr. Denis",-0.10463740114712752,1,0,370371,-0.3363340021468808,0,1,0,1,0
48,1,3,"O'Driscoll, Miss. Bridget",-0.10463740114712752,0,0,14311,-0.49237782784290063,1,0,0,1,0
49,0,3,"Samaan, Mr. Youssef",-0.10463740114712752,2,0,2662,-0.21191774308354583,0,1,1,0,0
50,0,3,"Arnold-Franchi, Mrs. Josef (Josefine Franchi)",-0.8731358343600393,1,0,349237,-0.29002422161773944,1,0,0,0,1
51,0,3,"Panula, Master. Juha Niilo",-1.7184841108942424,4,1,3101295,0.1506737441786005,0,1,0,0,1
52,0,3,"Nosworthy, Mr. Richard Cater",-0.6425863043961658,0,0,A/4. 39886,-0.4913710934835715,0,1,0,0,1
54,1,2,"Faunthorpe, Mrs. Lizzie (Elizabeth Anne Wilkinson)",-0.027787557825836348,1,0,2926,-0.12491978668775715,1,0,0,0,1
56,1,1,"Woolner, Mr. Hugh",-0.10463740114712752,0,0,19947,0.06635974158478332,0,1,0,0,1
57,1,2,"Rugg, Miss. Emily",-0.6425863043961658,0,0,C.A. 31026,-0.43700743807979686,1,0,0,0,1
58,0,3,"Novel, Mr. Mansouer",-0.06621247948648194,0,0,2697,-0.5028639729296732,0,1,1,0,0
60,0,3,"Goodwin, Master. William Frederick",-1.4110847376090776,5,2,CA 2144,0.2958951755118318,0,1,0,0,1
61,0,3,"Sirayanian, Mr. Orsen",-0.5657364610748746,0,0,2669,-0.5028639729296732,0,1,1,0,0
65,0,1,"Stewart, Mr. Albert A",-0.10463740114712752,0,0,PC 17605,-0.09027201697708476,0,1,1,0,0
66,1,3,"Moubarek, Master. Gerios",-0.10463740114712752,1,1,2661,-0.3414522396297103,0,1,1,0,0
67,1,2,"Nye, Mrs. (Elizabeth Ramell)",-0.027787557825836348,0,0,C.A. 29395,-0.43700743807979686,1,0,0,0,1
68,0,3,"Crease, Mr. Ernest James",-0.7962859910387481,0,0,S.P. 3464,-0.4841568350646187,0,1,0,0,1
69,1,3,"Andersson, Miss. Erna Alexandra",-0.9499856776813305,4,2,3101281,-0.4888542575852486,1,0,0,0,1
70,0,3,"Kink, Mr. Vincenz",-0.2583370877897099,2,0,315151,-0.47400492578514347,0,1,0,0,1
71,0,2,"Jenkin, Mr. Stephen Curnow",0.20276197213803718,0,0,C.A. 33111,-0.43700743807979686,0,1,0,0,1
72,0,3,"Goodwin, Miss. Lillian Amy",-1.0268355210026217,5,2,CA 2144,0.2958951755118318,1,0,0,0,1
74,0,3,"Chronopoulos, Mr. Apostolos",-0.2583370877897099,1,0,2680,-0.3573908580066095,0,1,1,0,0
76,0,3,"Moen, Mr. Sigurd Hansen",-0.33518693111100106,0,0,348123,-0.494391296561559,0,1,0,0,1
77,0,3,"Staneff, Mr. Ivan",-0.10463740114712752,0,0,349208,-0.4894421904510968,0,1,0,0,1
78,0,3,"Moutal, Mr. Rahamin Haim",-0.10463740114712752,0,0,374746,-0.4863374216869257,0,1,0,0,1
80,1,3,"Dowdell, Miss. Elizabeth",0.04906228549545483,0,0,364516,-0.397241430886295,1,0,0,0,1
81,0,3,"Waelens, Mr. Achille",-0.5657364610748746,0,0,345767,-0.46720946885967163,0,1,0,0,1
82,1,3,"Sheerlinck, Mr. Jan Baptist",-0.027787557825836348,0,0,345779,-0.45714212526638004,0,1,0,0,1
83,1,3,"McDermott, Miss. Brigdet Delia",-0.10463740114712752,0,0,330932,-0.49162277707340374,1,0,0,1,0
84,0,1,"Carrau, Mr. Francisco M",-0.10463740114712752,0,0,113059,0.29992211294914856,0,1,0,0,1
85,1,2,"Ilett, Miss. Bertha",-0.9499856776813305,0,0,SO/C 14885,-0.43700743807979686,1,0,0,0,1
86,1,3,"Backstrom, Mrs. Karl Alfred (Maria Mathilda Gustafsson)",0.27961181545932834,3,0,3101278,-0.32928686163157667,1,0,0,0,1
87,0,3,"Ford, Mr. William Neal",-1.0268355210026217,1,3,W./C. 6608,0.04370821849987721,0,1,0,0,1
88,0,3,"Slocovski, Mr. Selman Francis",-0.10463740114712752,0,0,SOTON/OQ 392086,-0.4863374216869257,0,1,0,0,1
90,0,3,"Celotti, Mr. Francesco",-0.41203677443229225,0,0,343275,-0.4863374216869257,0,1,0,0,1
91,0,3,"Christmann, Mr. Emil",-0.027787557825836348,0,0,343276,-0.4863374216869257,0,1,0,0,1
92,0,3,"Andreasson, Mr. Paul Edvin",-0.719436147717457,0,0,347466,-0.4902797934380587,0,1,0,0,1
94,0,3,"Dean, Mr. Bertram Frank",-0.2583370877897099,1,2,C.A. 2315,-0.23415046467497105,0,1,0,0,1
96,0,3,"Shorney, Mr. Charles Joseph",-0.10463740114712752,0,0,374910,-0.4863374216869257,0,1,0,0,1
99,1,2,"Doling, Mrs. John T (Ada Julia Bone)",0.35646165878061953,0,1,231919,-0.18532384824750675,1,0,0,0,1
100,0,2,"Kantor, Mr. Sinai",0.35646165878061953,1,0,244367,-0.12491978668775715,0,1,0,0,1
101,0,3,"Petranec, Miss. Matilda",-0.10463740114712752,0,0,349245,-0.4894421904510968,1,0,0,0,1
102,0,3,"Petroff, Mr. Pastcho (""Pentcho"")",-0.10463740114712752,0,0,349215,-0.4894421904510968,0,1,0,0,1
104,0,3,"Johansson, Mr. Gustaf Joel",0.27961181545932834,0,0,7540,-0.4741720436887921,0,1,0,0,1
105,0,3,"Gustafsson, Mr. Anders Vilhelm",0.5870111887444931,2,0,3101276,-0.4888542575852486,0,1,0,0,1
106,0,3,"Mionoff, Mr. Stoytcho",-0.10463740114712752,0,0,349207,-0.4894421904510968,0,1,0,0,1
107,1,3,"Salkjelsvik, Miss. Anna Kristine",-0.6425863043961658,0,0,343120,-0.494391296561559,1,0,0,0,1
108,1,3,"Moss, Mr. Albert Johan",-0.10463740114712752,0,0,312991,-0.4918744606632361,0,1,0,0,1
109,0,3,"Rekic, Mr. Tido",0.6638610320657843,0,0,349249,-0.4894421904510968,0,1,0,0,1
110,1,3,"Moran, Miss. Bertha",-0.10463740114712752,1,0,371110,-0.1621689579829361,1,0,0,1,0
111,0,1,"Porter, Mr. Walter Chamberlain",1.3555096219574048,0,0,110465,0.39858208016340624,0,1,0,0,1
112,0,3,"Zabour, Miss. Hileni",-1.1421102859845584,1,0,2665,-0.3573908580066095,1,0,1,0,0
113,0,3,"Barton, Mr. David John",-0.5657364610748746,0,0,324669,-0.4863374216869257,0,1,0,0,1
114,0,3,"Jussila, Miss. Katriina",-0.719436147717457,1,0,4136,-0.4505983519307405,1,0,0,0,1
115,0,3,"Attalah, Miss. Malake",-0.9499856776813305,0,0,2627,-0.3573083057891445,1,0,1,0,0
116,0,3,"Pekoniemi, Mr. Edvard",-0.6425863043961658,0,0,STON/O 2. 3101294,-0.4888542575852486,0,1,0,0,1
118,0,2,"Turpin, Mr. William John Robert",-0.027787557825836348,1,0,11668,-0.22559322262067316,0,1,0,0,1
122,0,3,"Moore, Mr. Leonard Charles",-0.10463740114712752,0,0,A4. 54510,-0.4863374216869257,0,1,0,0,1
123,0,2,"Nasser, Mr. Nicholas",0.24118689379868277,1,0,237736,-0.04295550208861426,0,1,1,0,0
124,1,2,"Webber, Miss. Susan",0.24118689379868277,0,0,27267,-0.3866707201133388,1,0,0,0,1
126,1,3,"Nicola-Yarred, Master. Elias",-1.3342348942877864,1,0,2651,-0.42207354059350805,0,1,1,0,0
127,0,3,"McMahon, Mr. Martin",-0.10463740114712752,0,0,370372,-0.49237782784290063,0,1,0,1,0
128,1,3,"Madsen, Mr. Fridtjof Arne",-0.41203677443229225,0,0,C 17369,-0.5046257580584992,0,1,0,0,1
129,1,3,"Peter, Miss. Anna",-0.10463740114712752,1,1,2668,-0.19824427701513722,1,0,1,0,0
130,0,3,"Ekstrom, Mr. Johan",1.2018099353148226,0,0,347061,-0.5079822104125026,0,1,0,0,1
131,0,3,"Drazenoic, Mr. Jozef",0.27961181545932834,0,0,349241,-0.4894421904510968,0,1,1,0,0
132,0,3,"Coelho, Mr. Domingos Fernandeo",-0.719436147717457,0,0,SOTON/O.Q. 3101307,-0.5064721088735089,0,1,0,0,1
133,0,3,"Robins, Mrs. Alexander A (Grace Charity Laury)",1.3555096219574048,1,0,A/5. 3337,-0.35646868933346404,1,0,0,0,1
134,1,2,"Weisz, Mrs. Leopold (Mathilde Francoise Pede)",-0.027787557825836348,1,0,228414,-0.12491978668775715,1,0,0,0,1
135,0,2,"Sobey, Mr. Samuel James Hayden",-0.33518693111100106,0,0,C.A. 29178,-0.3866707201133388,0,1,0,0,1
136,0,2,"Richard, Mr. Emile",-0.48888661775358344,0,0,SC/PARIS 2133,-0.3454791770670269,0,1,1,0,0
137,1,1,"Newsom, Miss. Helen Monypeny",-0.7962859910387481,0,2,11752,-0.11921562980779811,1,0,0,0,1
138,0,1,"Futrelle, Mr. Jacques Heath",0.5870111887444931,1,0,113803,0.4207302360686478,0,1,0,0,1
139,0,3,"Osen, Mr. Olaf Elon",-1.0268355210026217,0,0,7534,-0.4628462821463391,0,1,0,0,1
141,0,3,"Boulos, Mrs. Joseph (Sultana)",-0.10463740114712752,0,2,2678,-0.3414522396297103,1,0,1,0,0
142,1,3,"Nysten, Miss. Anna Sofia",-0.5657364610748746,0,0,347081,-0.49237782784290063,1,0,0,0,1
143,1,3,"Hakkarainen, Mrs. Pekka Pietari (Elin Matilda Dolck)",-0.41203677443229225,1,0,STON/O2. 3101279,-0.32928686163157667,1,0,0,0,1
144,0,3,"Burke, Mr. Jeremiah",-0.7962859910387481,0,0,365222,-0.5125125150294839,0,1,0,1,0
145,0,2,"Andrew, Mr. Edgardo Samuel",-0.8731358343600393,0,0,231945,-0.41687275089321363,0,1,0,0,1
146,0,2,"Nicholls, Mr. Joseph Charles",-0.7962859910387481,1,1,C.A. 33112,0.09152810056801232,0,1,0,0,1
147,1,3,"Andersson, Mr. August Edvard (""Wennerstrom"")",-0.1814872444684187,0,0,350043,-0.49145565916975514,0,1,0,0,1
148,0,3,"Ford, Miss. Robina Maggie ""Ruby""",-1.56478442425166,2,2,W./C. 6608,0.04370821849987721,1,0,0,0,1
149,0,2,"Navratil, Mr. Michel (""Louis M Hoffman"")",0.5485862670838475,0,2,230080,-0.12491978668775715,0,1,0,0,1
150,0,2,"Byles, Rev. Thomas Roussel Davids",0.9712604053509489,0,0,244310,-0.3866707201133388,0,1,0,0,1
154,0,3,"van Billiard, Mr. Austin Blyler",0.8559856403690123,0,2,A/5. 851,-0.35646868933346404,0,1,0,0,1
155,0,3,"Olsen, Mr. Ole Martin",-0.10463740114712752,0,0,Fa 265302,-0.5011867534870308,0,1,0,0,1
157,1,3,"Gilnagh, Miss. Katherine ""Katie""",-1.0268355210026217,0,0,35851,-0.49271407711891657,1,0,0,1,0
158,0,3,"Corn, Mr. Harry",0.04906228549545483,0,0,SOTON/OQ 392090,-0.4863374216869257,0,1,0,0,1
159,0,3,"Smiljanic, Mr. Mile",-0.10463740114712752,0,0,315037,-0.47400492578514347,0,1,0,0,1
161,0,3,"Cribb, Mr. John Hatfield",1.1249600919935314,0,1,371362,-0.32425318983493084,0,1,0,0,1
162,1,2,"Watt, Mrs. James (Elizabeth ""Bessie"" Inglis Milne)",0.8175607187083667,0,0,C.A. 33595,-0.331300330350235,1,0,0,0,1
163,0,3,"Bengtsson, Mr. John Viktor",-0.2583370877897099,0,0,347068,-0.4918744606632361,0,1,0,0,1
164,0,3,"Calic, Mr. Jovo",-0.9499856776813305,0,0,315093,-0.47400492578514347,0,1,0,0,1
166,1,3,"Goldsmith, Master. Frank John William ""Frankie""",-1.56478442425166,0,2,363291,-0.2351571990343002,0,1,0,0,1
168,0,3,"Skoog, Mrs. William (Anna Bernhardina Karlsson)",1.2018099353148226,1,4,347088,-0.08666388103324908,1,0,0,0,1
169,0,1,"Baumann, Mr. John D",-0.10463740114712752,0,0,PC 17318,-0.12642988822675086,0,1,0,0,1
174,0,3,"Sivola, Mr. Antti Wilhelm",-0.6425863043961658,0,0,STON/O 2. 3101280,-0.4888542575852486,0,1,0,0,1
176,0,3,"Klasen, Mr. Klas Albin",-0.8731358343600393,1,1,350404,-0.4902797934380587,0,1,0,0,1
177,0,3,"Lefebre, Master. Henry Forbes",-0.10463740114712752,3,1,4133,-0.13565761536436197,0,1,0,0,1
179,0,2,"Hale, Mr. Reginald",0.04906228549545483,0,0,250653,-0.3866707201133388,0,1,0,0,1
180,0,3,"Leonard, Mr. Lionel",0.5101613454232019,0,0,LINE,-0.6484216535389205,0,1,0,0,1
182,0,2,"Pernot, Mr. Rene",-0.10463740114712752,0,0,SC/PARIS 2131,-0.34539461138084326,0,1,1,0,0
183,0,3,"Asplund, Master. Clarence Gustaf Hugo",-1.56478442425166,4,2,347077,-0.016444159470040135,0,1,0,0,1
186,0,1,"Rood, Mr. Hugh Roscoe",-0.10463740114712752,0,0,113767,0.3583127057902398,0,1,0,0,1
187,1,3,"O'Brien, Mrs. Thomas (Johanna ""Hannah"" Godfrey)",-0.10463740114712752,1,0,370365,-0.3363340021468808,1,0,0,1,0
188,1,1,"Romaine, Mr. Charles Hallace (""Mr C Rolmane"")",1.2018099353148226,0,0,111428,-0.11384570873513637,0,1,0,0,1
189,0,3,"Bourke, Mr. John",0.8175607187083667,1,1,364849,-0.3363340021468808,0,1,0,1,0
190,0,3,"Turcin, Mr. Stjepan",0.5101613454232019,0,0,349247,-0.4894421904510968,0,1,0,0,1
191,1,2,"Pinsky, Mrs. (Rosa)",0.20276197213803718,0,0,234604,-0.3866707201133388,1,0,0,0,1
192,0,2,"Carbines, Mr. William",-0.7962859910387481,0,0,28424,-0.3866707201133388,0,1,0,0,1
193,1,3,"Andersen-Jensen, Miss. Carla Christine Nielsine",-0.7962859910387481,1,0,350046,-0.4902797934380587,1,0,0,0,1
195,1,1,"Brown, Mrs. James Joseph (Margaret Tobin)",1.1249600919935314,0,0,PC 17610,-0.09027201697708476,1,0,1,0,0
197,0,3,"Mernagh, Mr. Robert",-0.10463740114712752,0,0,368703,-0.49237782784290063,0,1,0,1,0
198,0,3,"Olsen, Mr. Karl Siegwart Andreas",0.9712604053509489,0,1,4579,-0.47920571548543794,0,1,0,0,1
199,1,3,"Madigan, Miss. Margaret ""Maggie""",-0.10463740114712752,0,0,370370,-0.49237782784290063,1,0,0,1,0
200,0,2,"Yrois, Miss. Henriette (""Mrs Harbeck"")",-0.41203677443229225,0,0,248747,-0.3866707201133388,1,0,0,0,1
201,0,3,"Vande Walle, Mr. Nestor Cyriel",-0.10463740114712752,0,0,345770,-0.45714212526638004,0,1,0,0,1
203,0,3,"Johanson, Mr. Jakob Alfred",0.35646165878061953,0,0,3101264,-0.5176307525123133,0,1,0,0,1
204,0,3,"Youseff, Mr. Gerious",1.2402348569754682,0,0,2628,-0.5029485386158568,0,1,1,0,0
205,1,3,"Cohen, Mr. Gurshon ""Gus""",-0.8731358343600393,0,0,A/5 3540,-0.4863374216869257,0,1,0,0,1
207,0,3,"Backstrom, Mr. Karl Alfred",0.20276197213803718,1,0,3101278,-0.32928686163157667,0,1,0,0,1
208,1,3,"Albimona, Mr. Nassef Cassem",-0.2583370877897099,0,0,2699,-0.2701412180209885,0,1,1,0,0
209,1,3,"Carr, Miss. Helen ""Ellen""",-1.0268355210026217,0,0,367231,-0.49237782784290063,1,0,0,1,0
210,1,1,"Blank, Mr. Henry",0.8175607187083667,0,0,112277,-0.024246350754841113,0,1,1,0,0
211,0,3,"Ali, Mr. Ahmed",-0.41203677443229225,0,0,SOTON/O.Q. 3101311,-0.5064721088735089,0,1,0,0,1
212,1,2,"Cameron, Miss. Clear Annie",0.4333115021019107,0,0,F.C.C. 13528,-0.22559322262067316,1,0,0,0,1
213,0,3,"Perkin, Mr. John Henry",-0.5657364610748746,0,0,A/5 21174,-0.5024451714361923,0,1,0,0,1
214,0,2,"Givard, Mr. Hans Kristensen",0.04906228549545483,0,0,250646,-0.3866707201133388,0,1,0,0,1
215,0,3,"Kiernan, Mr. Philip",-0.10463740114712752,1,0,367229,-0.49237782784290063,0,1,0,1,0
217,1,3,"Honkanen, Miss. Eliina",-0.1814872444684187,0,0,STON/O2. 3101283,-0.4888542575852486,1,0,0,0,1
218,0,2,"Jacobsohn, Mr. Sidney Samuel",0.9712604053509489,1,0,243847,-0.10478509950117394,0,1,0,0,1
220,0,2,"Harris, Mr. Walter",0.04906228549545483,0,0,W/C 14208,-0.43700743807979686,0,1,0,0,1
221,1,3,"Sunderland, Mr. Victor Francis",-1.0268355210026217,0,0,SOTON/OQ 392089,-0.4863374216869257,0,1,0,0,1
222,0,2,"Bracken, Mr. James H",-0.1814872444684187,0,0,220367,-0.3866707201133388,0,1,0,0,1
224,0,3,"Nenkoff, Mr. Christo",-0.10463740114712752,0,0,349234,-0.4894421904510968,0,1,0,0,1
226,0,3,"Berglund, Mr. Karl Ivar Sven",-0.5657364610748746,0,0,PP 4348,-0.4601623283443675,0,1,0,0,1
227,1,2,"Mellors, Mr. William John",-0.7962859910387481,0,0,SW/PP 751,-0.43700743807979686,0,1,0,0,1
228,0,3,"Lovell, Mr. John Hall (""Henry"")",-0.6810112260568114,0,0,A/5 21173,-0.5024451714361923,0,1,0,0,1
229,0,2,"Fahlstrom, Mr. Arne Jonas",-0.8731358343600393,0,0,236171,-0.3866707201133388,0,1,0,0,1
230,0,3,"Lefebre, Miss. Mathilde",-0.10463740114712752,3,1,4133,-0.13565761536436197,1,0,0,0,1
232,0,3,"Larsson, Mr. Bengt Edvin",-0.027787557825836348,0,0,347067,-0.4918744606632361,0,1,0,0,1
235,0,2,"Leyson, Mr. Robert William Norman",-0.41203677443229225,0,0,C.A. 29566,-0.43700743807979686,0,1,0,0,1
236,0,3,"Harknett, Miss. Alice Phoebe",-0.10463740114712752,0,0,W./C. 6609,-0.49640476528021726,1,0,0,0,1
237,0,2,"Hold, Mr. Stephen",1.1249600919935314,1,0,26707,-0.12491978668775715,0,1,0,0,1
238,1,2,"Collyer, Miss. Marjorie ""Lottie""",-1.6416342675729512,0,2,C.A. 31921,-0.11988611489111134,1,0,0,0,1
239,0,2,"Pengelly, Mr. Frederick William",-0.7962859910387481,0,0,28665,-0.43700743807979686,0,1,0,0,1
240,0,2,"Hunt, Mr. George Henry",0.27961181545932834,0,0,SCO/W 1585,-0.4012683683236117,0,1,0,0,1
241,0,3,"Zabour, Miss. Thamine",-0.10463740114712752,1,0,2665,-0.3573908580066095,1,0,1,0,0
242,1,3,"Murphy, Miss. Katherine ""Kate""",-0.10463740114712752,1,0,367230,-0.3363340021468808,1,0,0,1,0
243,0,2,"Coleridge, Mr. Reginald Charles",-0.027787557825836348,0,0,W./C. 14263,-0.43700743807979686,0,1,0,0,1
244,0,3,"Maenpaa, Mr. Matti Alexanteri",-0.5657364610748746,0,0,STON/O 2. 3101275,-0.5049620073345151,0,1,0,0,1
245,0,3,"Attalah, Mr. Sleiman",0.04906228549545483,0,0,2694,-0.5029485386158568,0,1,1,0,0
247,0,3,"Lindahl, Miss. Agda Thorilda Viktoria",-0.33518693111100106,0,0,347071,-0.4918744606632361,1,0,0,0,1
248,1,2,"Hamalainen, Mrs. William (Anna)",-0.41203677443229225,0,2,250649,-0.35646868933346404,1,0,0,0,1
249,1,1,"Beckwith, Mr. Richard Leonard",0.5870111887444931,1,1,11751,0.40974072380221066,0,1,0,0,1
251,0,3,"Reed, Mr. James George",-0.10463740114712752,0,0,362316,-0.5024451714361923,0,1,0,0,1
252,0,3,"Strom, Mrs. Wilhelm (Elna Matilda Persson)",-0.027787557825836348,1,1,347054,-0.43776248884929375,1,0,0,0,1
254,0,3,"Lobb, Mr. William Arthur",0.04906228549545483,1,0,A/5. 3336,-0.32425318983493084,0,1,0,0,1
255,0,3,"Rosblom, Mrs. Viktor (Helena Wilhelmina)",0.8944105620296577,0,2,370129,-0.2414492887801075,1,0,0,0,1
256,1,3,"Touma, Mrs. Darwis (Hanne Youssef Razi)",-0.027787557825836348,0,2,2650,-0.3414522396297103,1,0,1,0,0
261,0,3,"Smith, Mr. Thomas",-0.10463740114712752,0,0,384461,-0.49237782784290063,0,1,0,1,0
264,0,1,"Harrison, Mr. William",0.8175607187083667,0,0,112059,-0.6484216535389205,0,1,0,0,1
265,0,3,"Henry, Miss. Delia",-0.10463740114712752,0,0,382649,-0.49237782784290063,1,0,0,1,0
266,0,2,"Reeves, Mr. David",0.5101613454232019,0,0,C.A. 17248,-0.43700743807979686,0,1,0,0,1
267,0,3,"Panula, Mr. Ernesti Arvid",-1.0268355210026217,4,1,3101295,0.1506737441786005,0,1,0,0,1
268,1,3,"Persson, Mr. Ernst Ulrik",-0.33518693111100106,1,0,347083,-0.4918744606632361,0,1,0,0,1
271,0,1,"Cairns, Mr. Alexander",-0.10463740114712752,0,0,113798,-0.024246350754841113,0,1,0,0,1
272,1,3,"Tornquist, Mr. William Henry",-0.33518693111100106,0,0,LINE,-0.6484216535389205,0,1,0,0,1
273,1,2,"Mellinger, Mrs. (Elizabeth Anne Maidment)",0.8944105620296577,0,1,250644,-0.255795253400548,1,0,0,0,1
274,0,1,"Natsch, Mr. Charles H",0.5870111887444931,0,1,PC 17596,-0.05042144409739929,0,1,1,0,0
275,1,3,"Healy, Miss. Hanora ""Nora""",-0.10463740114712752,0,0,370375,-0.49237782784290063,1,0,0,1,0
277,0,3,"Lindblom, Miss. Augusta Charlotta",1.2018099353148226,0,0,347073,-0.49237782784290063,1,0,0,0,1
278,0,2,"Parkes, Mr. Francis ""Frank""",-0.10463740114712752,0,0,239853,-0.6484216535389205,0,1,0,0,1
279,0,3,"Rice, Master. Eric",-1.7184841108942424,4,1,382652,-0.06199888922968463,0,1,0,1,0
280,1,3,"Abbott, Mrs. Stanton (Rosa Hunt)",0.4333115021019107,1,1,C.A. 2673,-0.24069423801061057,1,0,0,0,1
282,0,3,"Olsson, Mr. Nils Johan Goransson",-0.10463740114712752,0,0,347464,-0.4902797934380587,0,1,0,0,1
283,0,3,"de Pelsmaeker, Mr. Alfons",-1.0268355210026217,0,0,345778,-0.45714212526638004,0,1,0,0,1
284,1,3,"Dorking, Mr. Edward Arthur",-0.7962859910387481,0,0,A/5. 10482,-0.4863374216869257,0,1,0,0,1
285,0,1,"Smith, Mr. Richard William",-0.10463740114712752,0,0,113056,-0.12491978668775715,0,1,0,0,1
286,0,3,"Stankovic, Mr. Ivan",0.27961181545932834,0,0,349239,-0.47400492578514347,0,1,1,0,0
287,1,3,"de Mulder, Mr. Theodore",0.04906228549545483,0,0,345774,-0.45714212526638004,0,1,0,0,1
288,0,3,"Naidenoff, Mr. Penko",-0.5657364610748746,0,0,349206,-0.4894421904510968,0,1,0,0,1
289,1,2,"Hosono, Mr. Masabumi",0.9712604053509489,0,0,237798,-0.3866707201133388,0,1,0,0,1
290,1,3,"Connolly, Miss. Kate",-0.5657364610748746,0,0,370373,-0.49237782784290063,1,0,0,1,0
293,0,2,"Levy, Mr. Rene Jacques",0.5101613454232019,0,0,SC/Paris 2163,-0.3891875560116617,0,1,1,0,0
294,0,3,"Haas, Miss. Aloisia",-0.41203677443229225,0,0,349236,-0.4702296719376591,1,0,0,0,1
295,0,3,"Mineff, Mr. Ivan",-0.41203677443229225,0,0,349233,-0.4894421904510968,0,1,0,0,1
296,0,1,"Lewy, Mr. Ervin G",-0.10463740114712752,0,0,PC 17612,-0.09027201697708476,0,1,1,0,0
297,0,3,"Hanna, Mr. Mansour",-0.45046169609293785,0,0,2693,-0.5028639729296732,0,1,1,0,0
299,1,1,"Saalfeld, Mr. Adolphe",-0.10463740114712752,0,0,19988,-0.034313694348132716,0,1,0,0,1
301,1,3,"Kelly, Miss. Anna Katherine ""Annie Kate""",-0.10463740114712752,0,0,9234,-0.49237782784290063,1,0,0,1,0
302,1,3,"McCoy, Mr. Bernard",-0.10463740114712752,2,0,367226,-0.18029017645086096,0,1,0,1,0
303,0,3,"Johnson, Mr. William Cahoone Jr",-0.7962859910387481,0,0,LINE,-0.6484216535389205,0,1,0,0,1
304,1,2,"Keane, Miss. Nora A",-0.10463740114712752,0,0,226593,-0.3997582667846179,1,0,0,1,0
305,0,3,"Williams, Mr. Howard Hugh ""Harry""",-0.10463740114712752,0,0,A/5 2466,-0.4863374216869257,0,1,0,0,1
309,0,2,"Abelson, Mr. Samuel",0.04906228549545483,1,0,P/PP 3381,-0.16518916106092355,0,1,1,0,0
313,0,2,"Lahtinen, Mrs. William (Anna Sylfven)",-0.2583370877897099,1,1,250651,-0.12491978668775715,1,0,0,0,1
314,0,3,"Hendekovic, Mr. Ignjac",-0.10463740114712752,0,0,349243,-0.4894421904510968,0,1,0,0,1
315,0,2,"Hart, Mr. Benjamin",1.0481102486722402,1,1,F.C.C. 13529,-0.11988611489111134,0,1,0,0,1
316,1,3,"Nilsson, Miss. Helmina Josefina",-0.2583370877897099,0,0,347470,-0.4902797934380587,1,0,0,0,1
317,1,2,"Kantor, Mrs. Sinai (Miriam Sternin)",-0.41203677443229225,1,0,244367,-0.12491978668775715,1,0,0,0,1
321,0,3,"Dennis, Mr. Samuel",-0.5657364610748746,0,0,A/5 21172,-0.5024451714361923,0,1,0,0,1
322,0,3,"Danoff, Mr. Yoto",-0.1814872444684187,0,0,349219,-0.4894421904510968,0,1,0,0,1
323,1,2,"Slayter, Miss. Hilda Mary",0.04906228549545483,0,0,234818,-0.3997582667846179,1,0,0,1,0
324,1,2,"Caldwell, Mrs. Albert Francis (Sylvia Mae Harbaugh)",-0.5657364610748746,1,1,248738,-0.06451572512800753,1,0,0,0,1
328,1,2,"Ball, Mrs. (Ada E Hall)",0.5101613454232019,0,0,28551,-0.3866707201133388,1,0,0,0,1
329,1,3,"Goldsmith, Mrs. Frank John (Emily Alice Brown)",0.12591212881674602,1,1,363291,-0.2351571990343002,1,0,0,0,1
331,1,3,"McCoy, Miss. Agnes",-0.10463740114712752,2,0,367226,-0.18029017645086096,1,0,0,1,0
332,0,1,"Partner, Mr. Austen",1.2402348569754682,0,0,113043,-0.07458306872129913,0,1,0,0,1
334,0,3,"Vander Planke, Mr. Leo Edmondus",-1.0268355210026217,2,0,345764,-0.2859972841804228,0,1,0,0,1
336,0,3,"Denkoff, Mr. Mitto",-0.10463740114712752,0,0,349225,-0.4894421904510968,0,1,0,0,1
339,1,3,"Dahl, Mr. Karl Edwart",1.2018099353148226,0,0,7598,-0.4863374216869257,0,1,0,0,1
340,0,1,"Blackwell, Mr. Stephen Weart",1.2018099353148226,0,0,113784,0.06635974158478332,0,1,0,0,1
343,0,2,"Collander, Mr. Erik Gustaf",-0.10463740114712752,0,0,248740,-0.3866707201133388,0,1,0,0,1
344,0,2,"Sedgwick, Mr. Charles Frederick Waddington",-0.33518693111100106,0,0,244361,-0.3866707201133388,0,1,0,0,1
345,0,2,"Fox, Mr. Stanley Hubert",0.5101613454232019,0,0,229236,-0.3866707201133388,0,1,0,0,1
346,1,2,"Brown, Miss. Amelia ""Mildred""",-0.41203677443229225,0,0,248733,-0.3866707201133388,1,0,0,0,1
347,1,2,"Smith, Miss. Marion Elsie",0.8175607187083667,0,0,31418,-0.3866707201133388,1,0,0,0,1
348,1,3,"Davison, Mrs. Thomas Henry (Mary E Finck)",-0.10463740114712752,1,0,386525,-0.32425318983493084,1,0,0,0,1
350,0,3,"Dimic, Mr. Jovan",0.9712604053509489,0,0,315088,-0.47400492578514347,0,1,0,0,1
351,0,3,"Odahl, Mr. Nils Martin",-0.48888661775358344,0,0,7267,-0.4626791642426904,0,1,0,0,1
352,0,1,"Williams-Lambert, Mr. Fletcher Fellows",-0.10463740114712752,0,0,113510,0.05629239799149171,0,1,0,0,1
353,0,3,"Elias, Mr. Tannous",-1.1036853643239128,1,1,2695,-0.5028639729296732,0,1,1,0,0
354,0,3,"Arnold-Franchi, Mr. Josef",-0.33518693111100106,1,0,349237,-0.29002422161773944,0,1,0,0,1
355,0,3,"Yousif, Mr. Wazli",-0.10463740114712752,0,0,2647,-0.5029485386158568,0,1,1,0,0
356,0,3,"Vanden Steen, Mr. Leo Peter",-0.10463740114712752,0,0,345783,-0.45714212526638004,0,1,0,0,1
358,0,2,"Funk, Miss. Annie Clemmer",0.6638610320657843,0,0,237671,-0.3866707201133388,1,0,0,0,1
359,1,3,"McGovern, Miss. Mary",-0.10463740114712752,0,0,330931,-0.48977642625839407,1,0,0,1,0
360,1,3,"Mockler, Miss. Helen Mary ""Ellie""",-0.10463740114712752,0,0,330980,-0.48977642625839407,1,0,0,1,0
361,0,3,"Skoog, Mr. Wilhelm",0.8175607187083667,1,4,347088,-0.08666388103324908,0,1,0,0,1
362,0,2,"del Carlo, Mr. Sebastiano",-0.027787557825836348,1,0,SC/PARIS 2167,-0.09027201697708476,0,1,1,0,0
363,0,3,"Barbara, Mrs. (Catherine David)",1.2018099353148226,0,1,2691,-0.3573908580066095,1,0,1,0,0
364,0,3,"Asim, Mr. Adola",0.4333115021019107,0,0,SOTON/O.Q. 3101310,-0.5064721088735089,0,1,0,0,1
365,0,3,"O'Brien, Mr. Thomas",-0.10463740114712752,1,0,370365,-0.3363340021468808,0,1,0,1,0
366,0,3,"Adahl, Mr. Mauritz Nils Martin",0.04906228549545483,0,0,C 7076,-0.5024451714361923,0,1,0,0,1
368,1,3,"Moussa, Mrs. (Mantoura Boulos)",-0.10463740114712752,0,0,2626,-0.5028639729296732,1,0,1,0,0
369,1,3,"Jermyn, Miss. Annie",-0.10463740114712752,0,0,14313,-0.49237782784290063,1,0,0,1,0
372,0,3,"Wiklund, Mr. Jakob Alfred",-0.8731358343600393,1,0,3101267,-0.5176307525123133,0,1,0,0,1
373,0,3,"Beavan, Mr. William Thomas",-0.7962859910387481,0,0,323951,-0.4863374216869257,0,1,0,0,1
377,1,3,"Landergren, Miss. Aurora Adelia",-0.5657364610748746,0,0,C 7077,-0.5024451714361923,1,0,0,0,1
379,0,3,"Betros, Mr. Tannous",-0.719436147717457,0,0,2648,-0.5676312212027554,0,1,1,0,0
380,0,3,"Gustafsson, Mr. Karl Gideon",-0.7962859910387481,0,0,347069,-0.4918744606632361,0,1,0,0,1
383,0,3,"Tikkanen, Mr. Juho",0.20276197213803718,0,0,STON/O 2. 3101293,-0.4888542575852486,0,1,0,0,1
384,1,1,"Holverson, Mrs. Alexander Oskar (Mary Aline Towner)",0.4333115021019107,1,0,113789,0.39858208016340624,1,0,0,0,1
385,0,3,"Plotcharsky, Mr. Vasil",-0.10463740114712752,0,0,349227,-0.4894421904510968,0,1,0,0,1
388,1,2,"Buss, Miss. Kate",0.5101613454232019,0,0,27849,-0.3866707201133388,1,0,0,0,1
389,0,3,"Sadlier, Mr. Matthew",-0.10463740114712752,0,0,367655,-0.49279662933638163,0,1,0,1,0
390,1,2,"Lehmann, Miss. Bertha",-0.9499856776813305,0,0,SC 1748,-0.40680540729992204,1,0,1,0,0
392,1,3,"Jansson, Mr. Carl Olof",-0.6425863043961658,0,0,350034,-0.49145565916975514,0,1,0,0,1
393,0,3,"Gustafsson, Mr. Johan Birger",-0.10463740114712752,2,0,3101277,-0.4888542575852486,0,1,0,0,1
395,1,3,"Sandstrom, Mrs. Hjalmar (Agnes Charlotta Bengtsson)",-0.41203677443229225,0,2,PP 9549,-0.312172377522981,1,0,0,0,1
396,0,3,"Johansson, Mr. Erik",-0.5657364610748746,0,0,350052,-0.49145565916975514,0,1,0,0,1
397,0,3,"Olsson, Miss. Elina",0.12591212881674602,0,0,350407,-0.4902797934380587,1,0,0,0,1
398,0,2,"McKane, Mr. Peter David",1.2786597786361138,0,0,28403,-0.12491978668775715,0,1,0,0,1
399,0,2,"Pain, Dr. Alfred",-0.48888661775358344,0,0,244278,-0.43700743807979686,0,1,0,0,1
400,1,2,"Trout, Mrs. William H (Jessie L)",-0.10463740114712752,0,0,240929,-0.393717860628643,1,0,0,0,1
401,1,3,"Niskanen, Mr. Juha",0.7407108753870755,0,0,STON/O 2. 3101289,-0.4888542575852486,0,1,0,0,1
402,0,3,"Adams, Mr. John",-0.2583370877897099,0,0,341826,-0.4863374216869257,0,1,0,0,1
403,0,3,"Jussila, Miss. Mari Aina",-0.6425863043961658,1,0,4137,-0.4505983519307405,1,0,0,0,1
404,0,3,"Hakkarainen, Mr. Pekka Pietari",-0.10463740114712752,1,0,STON/O2. 3101279,-0.32928686163157667,0,1,0,0,1
405,0,3,"Oreskovic, Miss. Marija",-0.719436147717457,0,0,315096,-0.47400492578514347,1,0,0,0,1
406,0,2,"Gale, Mr. Shadrach",0.35646165878061953,1,0,28664,-0.22559322262067316,0,1,0,0,1
409,0,3,"Birkeland, Mr. Hans Martin Monsen",-0.6425863043961658,0,0,312992,-0.4918744606632361,0,1,0,0,1
410,0,3,"Lefebre, Miss. Ida",-0.10463740114712752,3,1,4133,-0.13565761536436197,1,0,0,0,1
411,0,3,"Sdycoff, Mr. Todor",-0.10463740114712752,0,0,349222,-0.4894421904510968,0,1,0,0,1
412,0,3,"Hart, Mr. Henry",-0.10463740114712752,0,0,394140,-0.5103319284071769,0,1,0,1,0
414,0,2,"Cunningham, Mr. Alfred Fleming",-0.10463740114712752,0,0,239853,-0.6484216535389205,0,1,0,0,1
415,1,3,"Sundman, Mr. Johan Julian",1.1249600919935314,0,0,STON/O 2. 3101269,-0.4888542575852486,0,1,0,0,1
416,0,3,"Meek, Mrs. Thomas (Annie Louise Rowley)",-0.10463740114712752,0,0,343095,-0.4863374216869257,1,0,0,0,1
417,1,2,"Drew, Mrs. James Vivian (Lulu Thorne Christian)",0.35646165878061953,1,1,28220,0.005955680025033696,1,0,0,0,1
418,1,2,"Silven, Miss. Lyyli Karoliina",-0.8731358343600393,0,2,250652,-0.3866707201133388,1,0,0,0,1
419,0,2,"Matthews, Mr. William John",0.04906228549545483,0,0,28228,-0.3866707201133388,0,1,0,0,1
420,0,3,"Van Impe, Miss. Catharina",-1.4879345809303688,0,2,345773,-0.1621689579829361,1,0,0,0,1
421,0,3,"Gheorgheff, Mr. Stanio",-0.10463740114712752,0,0,349254,-0.4894421904510968,0,1,1,0,0
422,0,3,"Charters, Mr. David",-0.6425863043961658,0,0,A/5. 13032,-0.49271407711891657,0,1,0,1,0
423,0,3,"Zimmerman, Mr. Leo",-0.027787557825836348,0,0,315082,-0.4898609919445778,0,1,0,0,1
424,0,3,"Danbom, Mrs. Ernst Gilbert (Anna Sigrid Maria Brogren)",-0.10463740114712752,1,1,347080,-0.35848215805212236,1,0,0,0,1
425,0,3,"Rosblom, Mr. Viktor Richard",-0.8731358343600393,1,1,370129,-0.2414492887801075,0,1,0,0,1
426,0,3,"Wiseman, Mr. Phillippe",-0.10463740114712752,0,0,A/4. 34244,-0.5024451714361923,0,1,0,0,1
427,1,2,"Clarke, Mrs. Charles V (Ada Maria Winfield)",-0.10463740114712752,1,0,2003,-0.12491978668775715,1,0,0,0,1
428,1,2,"Phillips, Miss. Kate Florence (""Mrs Kate Louise Phillips Marshall"")",-0.7962859910387481,0,0,250655,-0.12491978668775715,1,0,0,0,1
429,0,3,"Flynn, Mr. James",-0.10463740114712752,0,0,364851,-0.49237782784290063,0,1,0,1,0
430,1,3,"Pickard, Mr. Berk (Berk Trembisky)",0.20276197213803718,0,0,SOTON/O.Q. 392078,-0.4863374216869257,0,1,0,0,1
431,1,1,"Bjornstrom-Steffansson, Mr. Mauritz Hakan",-0.10463740114712752,0,0,110564,-0.11384570873513637,0,1,0,0,1
432,1,3,"Thorneycroft, Mrs. Percival (Florence Kate White)",-0.10463740114712752,1,0,376564,-0.32425318983493084,1,0,0,0,1
433,1,2,"Louch, Mrs. Charles Alexander (Alice Adelaide Slow)",0.9712604053509489,1,0,SC/AH 3085,-0.12491978668775715,1,0,0,0,1
434,0,3,"Kallio, Mr. Nikolai Erland",-0.9499856776813305,0,0,STON/O 2. 3101274,-0.5049620073345151,0,1,0,0,1
437,0,3,"Ford, Miss. Doolina Margaret ""Daisy""",-0.6425863043961658,2,2,W./C. 6608,0.04370821849987721,1,0,0,0,1
438,1,2,"Richards, Mrs. Sidney (Emily Hocking)",-0.41203677443229225,2,3,29106,-0.2708962687904854,1,0,0,0,1
440,0,2,"Kvillner, Mr. Johan Henrik Johannesson",0.12591212881674602,0,0,C.A. 18723,-0.43700743807979686,0,1,0,0,1
441,1,2,"Hart, Mrs. Benjamin (Esther Ada Bloomfield)",1.2018099353148226,1,1,F.C.C. 13529,-0.11988611489111134,1,0,0,0,1
442,0,3,"Hampe, Mr. Leon",-0.719436147717457,0,0,345769,-0.45714212526638004,0,1,0,0,1
443,0,3,"Petterson, Mr. Johan Emil",-0.33518693111100106,1,0,347076,-0.4918744606632361,0,1,0,0,1
444,1,2,"Reynaldo, Ms. Encarnacion",-0.10463740114712752,0,0,230434,-0.3866707201133388,1,0,0,0,1
445,1,3,"Johannesen-Bratthammer, Mr. Bernt",-0.10463740114712752,0,0,65306,-0.48507900373776425,0,1,0,0,1
447,1,2,"Mellinger, Miss. Madeleine Violet",-1.2573850509664952,0,1,250644,-0.255795253400548,1,0,0,0,1
448,1,1,"Seward, Mr. Frederic Kimber",0.35646165878061953,0,0,113794,-0.11384570873513637,0,1,0,0,1
451,0,2,"West, Mr. Edwy Arthur",0.5101613454232019,1,2,C.A. 34651,-0.08968408411123653,0,1,0,0,1
452,0,3,"Hagland, Mr. Ingvald Olai Olsen",-0.10463740114712752,1,0,65303,-0.2463983948905696,0,1,0,0,1
453,0,1,"Foreman, Mr. Benjamin Laventall",0.04906228549545483,0,0,113051,-0.08968408411123653,0,1,1,0,0
455,0,3,"Peduzzi, Mr. Joseph",-0.10463740114712752,0,0,A/5 2817,-0.4863374216869257,0,1,0,0,1
456,1,3,"Jalsevac, Mr. Ivan",-0.027787557825836348,0,0,349240,-0.4894421904510968,0,1,1,0,0
458,1,1,"Kenyon, Mrs. Frederick R (Marion)",-0.10463740114712752,1,0,17464,0.395813560675251,1,0,0,0,1
460,0,3,"O'Connor, Mr. Maurice",-0.10463740114712752,0,0,371060,-0.49237782784290063,0,1,0,1,0
461,1,1,"Anderson, Mr. Harry",1.432359465278696,0,0,19952,-0.11384570873513637,0,1,0,0,1
462,0,3,"Morley, Mr. William",0.35646165878061953,0,0,364506,-0.4863374216869257,0,1,0,0,1
463,0,1,"Gee, Mr. Arthur H",1.3555096219574048,0,0,111320,0.12676380314453292,0,1,0,0,1
464,0,2,"Milling, Mr. Jacob Christian",1.432359465278696,0,0,234360,-0.3866707201133388,0,1,0,0,1
465,0,3,"Maisner, Mr. Simon",-0.10463740114712752,0,0,A/S 2816,-0.4863374216869257,0,1,0,0,1
466,0,3,"Goncalves, Mr. Manuel Estanslas",0.6638610320657843,0,0,SOTON/O.Q. 3101306,-0.5064721088735089,0,1,0,0,1
467,0,2,"Campbell, Mr. William",-0.10463740114712752,0,0,239853,-0.6484216535389205,0,1,0,0,1
469,0,3,"Scanlan, Mr. James",-0.10463740114712752,0,0,36209,-0.4928811950225652,0,1,0,1,0
471,0,3,"Keefe, Mr. Arthur",-0.10463740114712752,0,0,323592,-0.5024451714361923,0,1,0,0,1
472,0,3,"Cacic, Mr. Luka",0.6638610320657843,0,0,315089,-0.47400492578514347,0,1,0,0,1
473,1,2,"West, Mrs. Edwy Arthur (Ada Mary Worth)",0.27961181545932834,1,2,C.A. 34651,-0.08968408411123653,1,0,0,0,1
474,1,2,"Jerwan, Mrs. Amin S (Marie Marthe Thuillard)",-0.48888661775358344,0,0,SC/AH Basle 541,-0.3707300882677209,1,0,1,0,0
475,0,3,"Strandberg, Miss. Ida Sofia",-0.5657364610748746,0,0,7553,-0.45034666834090825,1,0,0,0,1
476,0,1,"Clifford, Mr. George Quincy",-0.10463740114712752,0,0,110465,0.39858208016340624,0,1,0,0,1
477,0,2,"Renouf, Mr. Peter Henry",0.35646165878061953,1,0,31027,-0.22559322262067316,0,1,0,0,1
478,0,3,"Braund, Mr. Lewis Richard",-0.027787557825836348,1,0,3460,-0.5065566745596926,0,1,0,0,1
479,0,3,"Karlsson, Mr. Nils August",-0.5657364610748746,0,0,350060,-0.4969926981460655,0,1,0,0,1
481,0,3,"Goodwin, Master. Harold Victor",-1.56478442425166,5,2,CA 2144,0.2958951755118318,0,1,0,0,1
482,0,2,"Frost, Mr. Anthony Wood ""Archie""",-0.10463740114712752,0,0,239854,-0.6484216535389205,0,1,0,0,1
486,0,3,"Lefebre, Miss. Jeannie",-0.10463740114712752,3,1,4133,-0.13565761536436197,1,0,0,0,1
489,0,3,"Somerton, Mr. Francis William",0.04906228549545483,0,0,A.5. 18509,-0.4863374216869257,0,1,0,0,1
490,1,3,"Coutts, Master. Eden Leslie ""Neville""",-1.56478442425166,1,1,C.A. 37671,-0.32828012727224753,0,1,0,0,1
491,0,3,"Hagland, Mr. Konrad Mathias Reiersen",-0.10463740114712752,1,0,65304,-0.2463983948905696,0,1,0,0,1
492,0,3,"Windelov, Mr. Einar",-0.6425863043961658,0,0,SOTON/OQ 3101317,-0.5024451714361923,0,1,0,0,1
495,0,3,"Stanley, Mr. Edward Roland",-0.6425863043961658,0,0,A/4 45380,-0.4863374216869257,0,1,0,0,1
496,0,3,"Yousseff, Mr. Gerious",-0.10463740114712752,0,0,2627,-0.3573083057891445,0,1,1,0,0
498,0,3,"Shellard, Mr. Frederick William",-0.10463740114712752,0,0,C.A. 6212,-0.3443878770215141,0,1,0,0,1
500,0,3,"Svensson, Mr. Olof",-0.41203677443229225,0,0,350035,-0.49145565916975514,0,1,0,0,1
501,0,3,"Calic, Mr. Petar",-0.9499856776813305,0,0,315086,-0.47400492578514347,0,1,0,0,1
502,0,3,"Canavan, Miss. Mary",-0.6425863043961658,0,0,364846,-0.49237782784290063,1,0,0,1,0
503,0,3,"O'Sullivan, Miss. Bridget Mary",-0.10463740114712752,0,0,330909,-0.4948100980550399,1,0,0,1,0
504,0,3,"Laitinen, Miss. Kristina Sofia",0.5870111887444931,0,0,4135,-0.455380340137554,1,0,0,0,1
507,1,2,"Quick, Mrs. Frederick Charles (Jane Richards)",0.27961181545932834,0,2,26360,-0.12491978668775715,1,0,0,0,1
508,1,1,"Bradley, Mr. George (""George Arthur Brayton"")",-0.10463740114712752,0,0,111427,-0.11384570873513637,0,1,0,0,1
509,0,3,"Olsen, Mr. Henry Margido",-0.10463740114712752,0,0,C 4001,-0.1948878246611338,0,1,0,0,1
511,1,3,"Daly, Mr. Eugene Patrick",-0.027787557825836348,0,0,382651,-0.49237782784290063,0,1,0,1,0
512,0,3,"Webber, Mr. James",-0.10463740114712752,0,0,SOTON/OQ 3101316,-0.4863374216869257,0,1,0,0,1
513,1,1,"McGough, Mr. James Robert",0.5101613454232019,0,0,PC 17473,-0.11913106412161445,0,1,0,0,1
515,0,3,"Coleff, Mr. Satio",-0.41203677443229225,0,0,349209,-0.4974960653257301,0,1,0,0,1
516,0,1,"Walker, Mr. William Anderson",1.3555096219574048,0,0,36967,0.036576512298389464,0,1,0,0,1
517,1,2,"Lemore, Mrs. (Amelia Milley)",0.35646165878061953,0,0,C.A. 34260,-0.43700743807979686,1,0,0,0,1
518,0,3,"Ryan, Mr. Patrick",-0.10463740114712752,0,0,371110,-0.1621689579829361,0,1,0,1,0
519,1,2,"Angle, Mrs. William A (Florence ""Mary"" Agnes Hughes)",0.5101613454232019,1,0,226875,-0.12491978668775715,1,0,0,0,1
520,0,3,"Pavlovic, Mr. Stefo",0.20276197213803718,0,0,349242,-0.4894421904510968,0,1,0,0,1
522,0,3,"Vovk, Mr. Janko",-0.5657364610748746,0,0,349252,-0.4894421904510968,0,1,0,0,1
523,0,3,"Lahoud, Mr. Sarkis",-0.10463740114712752,0,0,2624,-0.5029485386158568,0,1,1,0,0
525,0,3,"Kassem, Mr. Fared",-0.10463740114712752,0,0,2700,-0.5028639729296732,0,1,1,0,0
526,0,3,"Farrell, Mr. James",0.8559856403690123,0,0,367232,-0.49237782784290063,0,1,0,1,0
529,0,3,"Salonen, Mr. Johan Werner",0.7407108753870755,0,0,3101296,-0.4888542575852486,0,1,0,0,1
530,0,2,"Hocking, Mr. Richard George",-0.48888661775358344,2,1,29104,-0.41687275089321363,0,1,0,0,1
532,0,3,"Toufik, Mr. Nakli",-0.10463740114712752,0,0,2641,-0.5028639729296732,0,1,1,0,0
533,0,3,"Elias, Mr. Joseph Jr",-0.9499856776813305,1,1,2690,-0.5028639729296732,0,1,1,0,0
534,1,3,"Peter, Mrs. Catherine (Catherine Rizk)",-0.10463740114712752,0,2,2668,-0.19824427701513722,1,0,1,0,0
535,0,3,"Cacic, Miss. Marija",0.04906228549545483,0,0,315084,-0.47400492578514347,1,0,0,0,1
536,1,2,"Hart, Miss. Eva Miriam",-1.7184841108942424,0,2,F.C.C. 13529,-0.11988611489111134,1,0,0,0,1
537,0,1,"Butt, Major. Archibald Willingham",1.2018099353148226,0,0,113050,-0.11384570873513637,0,1,0,0,1
539,0,3,"Risien, Mr. Samuel Beard",-0.10463740114712752,0,0,364498,-0.35646868933346404,0,1,0,0,1
540,1,1,"Frolicher, Miss. Hedwig Margaritha",-0.5657364610748746,0,2,13568,0.3482453621969482,1,0,1,0,0
542,0,3,"Andersson, Miss. Ingeborg Constanzia",-1.56478442425166,4,2,347082,-0.01870931177853076,1,0,0,0,1
543,0,3,"Andersson, Miss. Sigrid Elisabeth",-1.4110847376090776,4,2,347082,-0.01870931177853076,1,0,0,0,1
544,1,2,"Beane, Mr. Edward",0.20276197213803718,1,0,2908,-0.12491978668775715,0,1,0,0,1
547,1,2,"Beane, Mrs. Edward (Ethel Clarke)",-0.7962859910387481,1,0,2908,-0.12491978668775715,1,0,0,0,1
548,1,2,"Padro y Manent, Mr. Julian",-0.10463740114712752,0,0,SC/PARIS 2146,-0.3693045524149108,0,1,1,0,0
549,0,3,"Goldsmith, Mr. Frank John",0.27961181545932834,1,1,363291,-0.2351571990343002,0,1,0,0,1
550,1,2,"Davies, Master. John Morgan Jr",-1.6416342675729512,1,1,C.A. 33112,0.09152810056801232,0,1,0,0,1
552,0,2,"Sharp, Mr. Percival James R",-0.1814872444684187,0,0,244358,-0.12491978668775715,0,1,0,0,1
553,0,3,"O'Brien, Mr. Timothy",-0.10463740114712752,0,0,330979,-0.49078316061772326,0,1,0,1,0
554,1,3,"Leeni, Mr. Fahim (""Philip Zenni"")",-0.5657364610748746,0,0,2620,-0.5029485386158568,0,1,1,0,0
555,1,3,"Ohman, Miss. Velin",-0.5657364610748746,0,0,347085,-0.4918744606632361,1,0,0,0,1
557,1,1,"Duff Gordon, Lady. (Lucille Christiana Sutherland) (""Mrs Morgan"")",1.432359465278696,1,0,11755,0.1489119590497745,1,0,1,0,0
560,1,3,"de Messemaeker, Mrs. Guillaume Joseph (Emma)",0.5101613454232019,1,0,345572,-0.29807809649237277,1,0,0,0,1
561,0,3,"Morrow, Mr. Thomas Rowan",-0.10463740114712752,0,0,372622,-0.49237782784290063,0,1,0,1,0
562,0,3,"Sivic, Mr. Husein",0.8175607187083667,0,0,349251,-0.4894421904510968,0,1,0,0,1
563,0,2,"Norman, Mr. Robert Douglas",-0.10463740114712752,0,0,218629,-0.3766033765200472,0,1,0,0,1
564,0,3,"Simmons, Mr. John",-0.10463740114712752,0,0,SOTON/OQ 392082,-0.4863374216869257,0,1,0,0,1
565,0,3,"Meanwell, Miss. (Marion Ogden)",-0.10463740114712752,0,0,SOTON/O.Q. 392087,-0.4863374216869257,1,0,0,0,1
566,0,3,"Davies, Mr. Alfred J",-0.41203677443229225,2,0,A/4 48871,-0.1621689579829361,0,1,0,0,1
567,0,3,"Stoytcheff, Mr. Ilia",-0.7962859910387481,0,0,349205,-0.4894421904510968,0,1,0,0,1
568,0,3,"Palsson, Mrs. Nils (Alma Cornelia Berglund)",-0.027787557825836348,0,4,349909,-0.22408312108167944,1,0,0,0,1
569,0,3,"Doharr, Mr. Tannous",-0.10463740114712752,0,0,2686,-0.5028639729296732,0,1,1,0,0
570,1,3,"Jonsson, Mr. Carl",0.20276197213803718,0,0,350417,-0.4902797934380587,0,1,0,0,1
573,1,1,"Flynn, Mr. John Irwin (""Irving"")",0.5101613454232019,0,0,PC 17474,-0.11711759540295616,0,1,0,0,1
574,1,3,"Kelly, Miss. Mary",-0.10463740114712752,0,0,14312,-0.49237782784290063,1,0,0,1,0
575,0,3,"Rush, Mr. Alfred George John",-1.0268355210026217,0,0,A/4. 20589,-0.4863374216869257,0,1,0,0,1
576,0,3,"Patchett, Mr. George",-0.7962859910387481,0,0,358585,-0.35646868933346404,0,1,0,0,1
577,1,2,"Garside, Miss. Ethel",0.35646165878061953,0,0,243880,-0.3866707201133388,1,0,0,0,1
579,0,3,"Caram, Mrs. Joseph (Maria Elias)",-0.10463740114712752,1,0,2689,-0.3573083057891445,1,0,1,0,0
580,1,3,"Jussila, Mr. Eiriik",0.20276197213803718,0,0,STON/O 2. 3101286,-0.4888542575852486,0,1,0,0,1
581,1,2,"Christy, Miss. Julie Rachel",-0.33518693111100106,1,1,237789,-0.04438103794142432,1,0,0,0,1
584,0,1,"Ross, Mr. John Hugo",0.5101613454232019,0,0,13049,0.15948266982273065,0,1,1,0,0
585,0,3,"Paulner, Mr. Uscher",-0.10463740114712752,0,0,3411,-0.47299819142581434,0,1,1,0,0
587,0,2,"Jarvis, Mr. John Denzil",1.3555096219574048,0,0,237565,-0.3464013457401724,0,1,0,0,1
589,0,3,"Gilinski, Mr. Eliezer",-0.5657364610748746,0,0,14973,-0.4863374216869257,0,1,0,0,1
590,0,3,"Murdlin, Mr. Joseph",-0.10463740114712752,0,0,A./5. 3235,-0.4863374216869257,0,1,0,0,1
591,0,3,"Rintamaki, Mr. Matti",0.4333115021019107,0,0,STON/O 2. 3101273,-0.5049620073345151,0,1,0,0,1
593,0,3,"Elsbury, Mr. William James",1.3555096219574048,0,0,A/5 3902,-0.5024451714361923,0,1,0,0,1
594,0,3,"Bourke, Miss. Mary",-0.10463740114712752,0,2,364848,-0.49237782784290063,1,0,0,1,0
595,0,2,"Chapman, Mr. John Henry",0.5870111887444931,1,0,SC/AH 29037,-0.12491978668775715,0,1,0,0,1
596,0,3,"Van Impe, Mr. Jean Baptiste",0.5101613454232019,1,1,345773,-0.1621689579829361,0,1,0,0,1
597,1,2,"Leitch, Miss. Jessie Wills",-0.10463740114712752,0,0,248727,0.016023023618325298,1,0,0,0,1
598,0,3,"Johnson, Mr. Alfred",1.5092093085999871,0,0,LINE,-0.6484216535389205,0,1,0,0,1
599,0,3,"Boulos, Mr. Hanna",-0.10463740114712752,0,0,2664,-0.5029485386158568,0,1,1,0,0
601,1,2,"Jacobsohn, Mrs. Sidney Samuel (Amy Frances Christy)",-0.41203677443229225,2,1,243847,-0.10478509950117394,1,0,0,0,1
602,0,3,"Slabenoff, Mr. Petco",-0.10463740114712752,0,0,349214,-0.4894421904510968,0,1,0,0,1
603,0,1,"Harrington, Mr. Charles H",-0.10463740114712752,0,0,113796,0.2052890831722074,0,1,0,0,1
604,0,3,"Torber, Mr. Ernst William",1.1249600919935314,0,0,364511,-0.4863374216869257,0,1,0,0,1
605,1,1,"Homer, Mr. Harry (""Mr E Haven"")",0.4333115021019107,0,0,111426,-0.11384570873513637,0,1,1,0,0
606,0,3,"Lindell, Mr. Edvard Bengtsson",0.5101613454232019,1,0,349910,-0.3353272677875516,0,1,0,0,1
607,0,3,"Karaic, Mr. Milan",0.04906228549545483,0,0,349246,-0.4894421904510968,0,1,0,0,1
608,1,1,"Daniel, Mr. Robert Williams",-0.1814872444684187,0,0,113804,-0.034313694348132716,0,1,0,0,1
609,1,2,"Laroche, Mrs. Joseph (Juliette Marie Louise Lafargue)",-0.5657364610748746,1,2,SC/Paris 2123,0.18876253192945994,1,0,1,0,0
611,0,3,"Andersson, Mrs. Anders Johan (Alfrida Konstantia Brogren)",0.7407108753870755,1,5,347082,-0.01870931177853076,1,0,0,0,1
612,0,3,"Jardin, Mr. Jose Neto",-0.10463740114712752,0,0,SOTON/O.Q. 3101305,-0.5064721088735089,0,1,0,0,1
613,1,3,"Murphy, Miss. Margaret Jane",-0.10463740114712752,1,0,367230,-0.3363340021468808,1,0,0,1,0
614,0,3,"Horgan, Mr. John",-0.10463740114712752,0,0,370377,-0.49237782784290063,0,1,0,1,0
615,0,3,"Brocklebank, Mr. William Alfred",0.4333115021019107,0,0,364512,-0.4863374216869257,0,1,0,0,1
617,0,3,"Danbom, Mr. Ernst Gilbert",0.35646165878061953,1,1,347080,-0.35848215805212236,0,1,0,0,1
618,0,3,"Lobb, Mrs. William Arthur (Cordelia K Stanlick)",-0.2583370877897099,1,0,A/5. 3336,-0.32425318983493084,1,0,0,0,1
620,0,2,"Gavey, Mr. Lawrence",-0.2583370877897099,0,0,31028,-0.43700743807979686,0,1,0,0,1
621,0,3,"Yasbeck, Mr. Antoni",-0.1814872444684187,1,0,2659,-0.3573908580066095,0,1,1,0,0
622,1,1,"Kimball, Mr. Edwin Nelson Jr",0.9712604053509489,1,0,11753,0.40974072380221066,0,1,0,0,1
623,1,3,"Nakid, Mr. Sahid",-0.719436147717457,1,1,2653,-0.33146744825388363,0,1,1,0,0
624,0,3,"Hansen, Mr. Henry Damsgaard",-0.6425863043961658,0,0,350029,-0.4902797934380587,0,1,0,0,1
625,0,3,"Bowen, Mr. David John ""Dai""",-0.6425863043961658,0,0,54636,-0.32425318983493084,0,1,0,0,1
629,0,3,"Bostandyeff, Mr. Guentcho",-0.2583370877897099,0,0,349224,-0.4894421904510968,0,1,0,0,1
630,0,3,"O'Connell, Mr. Patrick D",-0.10463740114712752,0,0,334912,-0.49271407711891657,0,1,0,1,0
633,1,1,"Stahelin-Maeglin, Dr. Max",0.20276197213803718,0,0,13214,-0.034313694348132716,0,1,1,0,0
634,0,1,"Parr, Mr. William Henry Marsh",-0.10463740114712752,0,0,112052,-0.6484216535389205,0,1,0,0,1
635,0,3,"Skoog, Miss. Mabel",-1.56478442425166,3,2,347088,-0.08666388103324908,1,0,0,0,1
636,1,2,"Davis, Miss. Mary",-0.10463740114712752,0,0,237668,-0.3866707201133388,1,0,0,0,1
637,0,3,"Leinonen, Mr. Antti Gustaf",0.20276197213803718,0,0,STON/O 2. 3101292,-0.4888542575852486,0,1,0,0,1
638,0,2,"Collyer, Mr. Harvey",0.12591212881674602,1,1,C.A. 31921,-0.11988611489111134,0,1,0,0,1
639,0,3,"Panula, Mrs. Juha (Maria Emilia Ojala)",0.8944105620296577,0,5,3101295,0.1506737441786005,1,0,0,0,1
640,0,3,"Thorneycroft, Mr. Percival",-0.10463740114712752,1,0,376564,-0.32425318983493084,0,1,0,0,1
641,0,3,"Jensen, Mr. Hans Peder",-0.719436147717457,0,0,350050,-0.4902797934380587,0,1,0,0,1
647,0,3,"Cor, Mr. Liudevit",-0.7962859910387481,0,0,349231,-0.4894421904510968,0,1,0,0,1
649,0,3,"Willey, Mr. Edward",-0.10463740114712752,0,0,S.O./P.P. 751,-0.49640476528021726,0,1,0,0,1
650,1,3,"Stanley, Miss. Amy Zillah Elsie",-0.48888661775358344,0,0,CA. 2314,-0.49640476528021726,1,0,0,0,1
651,0,3,"Mitkoff, Mr. Mito",-0.10463740114712752,0,0,349221,-0.4894421904510968,0,1,0,0,1
652,1,2,"Doling, Miss. Elsie",-0.8731358343600393,0,1,231919,-0.18532384824750675,1,0,0,0,1
653,0,3,"Kalvik, Mr. Johannes Halvorsen",-0.6425863043961658,0,0,8475,-0.47861979608830835,0,1,0,0,1
654,1,3,"O'Leary, Miss. Hanora ""Norah""",-0.10463740114712752,0,0,330919,-0.49078316061772326,1,0,0,1,0
655,0,3,"Hegarty, Miss. Hanora ""Nora""",-0.8731358343600393,0,0,365226,-0.5125125150294839,1,0,0,1,0
657,0,3,"Radeff, Mr. Alexander",-0.10463740114712752,0,0,349223,-0.4894421904510968,0,1,0,0,1
658,0,3,"Bourke, Mrs. John (Catherine)",0.20276197213803718,1,1,364849,-0.3363340021468808,1,0,0,1,0
659,0,2,"Eitemiller, Mr. George Floyd",-0.48888661775358344,0,0,29751,-0.3866707201133388,0,1,0,0,1
662,0,3,"Badt, Mr. Mohamed",0.8175607187083667,0,0,2623,-0.5029485386158568,0,1,1,0,0
663,0,1,"Colley, Mr. Edward Pomeroy",1.3555096219574048,0,0,5727,-0.13322534515222276,0,1,0,0,1
664,0,3,"Coleff, Mr. Peju",0.5101613454232019,0,0,349210,-0.4974960653257301,0,1,0,0,1
665,1,3,"Lindqvist, Mr. Eino William",-0.719436147717457,1,0,STON/O 2. 3101285,-0.4888542575852486,0,1,0,0,1
667,0,2,"Butler, Mr. Reginald Fenton",-0.33518693111100106,0,0,234686,-0.3866707201133388,0,1,0,0,1
668,0,3,"Rommetvedt, Mr. Knud Paust",-0.10463740114712752,0,0,312993,-0.4918744606632361,0,1,0,0,1
669,0,3,"Cook, Mr. Jacob",1.0481102486722402,0,0,A/5 3536,-0.4863374216869257,0,1,0,0,1
670,1,1,"Taylor, Mrs. Elmer Zebley (Juliet Cummins Wright)",-0.10463740114712752,1,0,19996,0.39858208016340624,1,0,0,0,1
671,1,2,"Brown, Mrs. Thomas William Solomon (Elizabeth Catherine Ford)",0.8175607187083667,1,1,29750,0.13683114673782454,1,0,0,0,1
672,0,1,"Davidson, Mr. Thornton",0.12591212881674602,1,0,F.C. 12750,0.39858208016340624,0,1,0,0,1
674,1,2,"Wilhelms, Mr. Charles",0.12591212881674602,0,0,244270,-0.3866707201133388,0,1,0,0,1
675,0,2,"Watson, Mr. Ennis Hastings",-0.10463740114712752,0,0,239856,-0.6484216535389205,0,1,0,0,1
676,0,3,"Edvardsson, Mr. Gustaf Hjalmar",-0.8731358343600393,0,0,349912,-0.4918744606632361,0,1,0,0,1
677,0,3,"Sawyer, Mr. Frederick Charles",-0.37361185277164666,0,0,342826,-0.4863374216869257,0,1,0,0,1
678,1,3,"Turja, Miss. Anna Sofia",-0.8731358343600393,0,0,4138,-0.45026210265472455,1,0,0,0,1
679,0,3,"Goodwin, Mrs. Frederick (Augusta Tyler)",1.0481102486722402,1,6,CA 2144,0.2958951755118318,1,0,0,0,1
681,0,3,"Peters, Miss. Katie",-0.10463740114712752,0,0,330935,-0.48457563655809965,1,0,0,1,0
683,0,3,"Olsvigen, Mr. Thor Anderson",-0.719436147717457,0,0,6563,-0.4626791642426904,0,1,0,0,1
684,0,3,"Goodwin, Mr. Charles Edward",-1.180535207645204,5,2,CA 2144,0.2958951755118318,0,1,0,0,1
686,0,2,"Laroche, Mr. Joseph Philippe Lemercier",-0.33518693111100106,1,2,SC/Paris 2123,0.18876253192945994,0,1,1,0,0
687,0,3,"Panula, Mr. Jaako Arnold",-1.180535207645204,4,1,3101295,0.1506737441786005,0,1,0,0,1
688,0,3,"Dakic, Mr. Branko",-0.7962859910387481,0,0,349228,-0.44363577710162005,0,1,0,0,1
689,0,3,"Fischer, Mr. Eberhard Thelander",-0.8731358343600393,0,0,350036,-0.49145565916975514,0,1,0,0,1
694,0,3,"Saad, Mr. Khalil",-0.33518693111100106,0,0,2672,-0.5029485386158568,0,1,1,0,0
697,0,3,"Kelly, Mr. James",1.1249600919935314,0,0,363592,-0.4863374216869257,0,1,0,0,1
698,1,3,"Mullens, Miss. Katherine ""Katie""",-0.10463740114712752,0,0,35852,-0.49271407711891657,1,0,0,1,0
700,0,3,"Humblen, Mr. Adolf Mathias Nicolai Olsen",0.9712604053509489,0,0,348121,-0.494391296561559,0,1,0,0,1
702,1,1,"Silverthorne, Mr. Spencer Victor",0.4333115021019107,0,0,PC 17475,-0.11913106412161445,0,1,0,0,1
703,0,3,"Barbara, Miss. Saiide",-0.8731358343600393,0,1,2691,-0.3573908580066095,1,0,1,0,0
704,0,3,"Gallagher, Mr. Martin",-0.33518693111100106,0,0,36864,-0.4925449457465493,0,1,0,1,0
705,0,3,"Hansen, Mr. Henrik Juul",-0.2583370877897099,1,0,350025,-0.4902797934380587,0,1,0,0,1
706,0,2,"Morley, Mr. Henry Samuel (""Mr Henry Marshall"")",0.7407108753870755,0,0,250655,-0.12491978668775715,0,1,0,0,1
707,1,2,"Kelly, Mrs. Florence ""Fannie""",1.2018099353148226,0,0,223596,-0.3766033765200472,1,0,0,0,1
708,1,1,"Calderhead, Mr. Edward Pennington",0.9712604053509489,0,0,PC 17476,-0.11913106412161445,0,1,0,0,1
710,1,3,"Moubarek, Master. Halim Gonios (""William George"")",-0.10463740114712752,1,1,2661,-0.3414522396297103,0,1,1,0,0
711,1,1,"Mayne, Mlle. Berthe Antonine (""Mrs de Villiers"")",-0.41203677443229225,0,0,PC 17482,0.3483299278831318,1,0,1,0,0
712,0,1,"Klaber, Mr. Herman",-0.10463740114712752,0,0,113028,-0.11384570873513637,0,1,0,0,1
713,1,1,"Taylor, Mr. Elmer Zebley",1.432359465278696,1,0,19996,0.39858208016340624,0,1,0,0,1
714,0,3,"Larsson, Mr. August Viktor",-0.027787557825836348,0,0,7545,-0.457478374542396,0,1,0,0,1
716,0,3,"Soholt, Mr. Peter Andreas Lauritz Andersen",-0.7962859910387481,0,0,348124,-0.494391296561559,0,1,0,0,1
718,1,2,"Troutt, Miss. Edwina Celia ""Winnie""",-0.1814872444684187,0,0,34218,-0.43700743807979686,1,0,0,0,1
719,0,3,"McEvoy, Mr. Michael",-0.10463740114712752,0,0,36568,-0.3363340021468808,0,1,0,1,0
720,0,3,"Johnson, Mr. Malkolm Joackim",0.27961181545932834,0,0,347062,-0.4918744606632361,0,1,0,0,1
721,1,2,"Harper, Miss. Annie Jessie ""Nina""",-1.7953339542155335,0,1,248727,0.016023023618325298,1,0,0,0,1
722,0,3,"Jensen, Mr. Svend Lauritz",-0.9499856776813305,1,0,350048,-0.5063875431873253,0,1,0,0,1
723,0,2,"Gillespie, Mr. William Henry",0.35646165878061953,0,0,12233,-0.3866707201133388,0,1,0,0,1
725,1,1,"Chambers, Mr. Norman Campbell",-0.1814872444684187,1,0,113806,0.4207302360686478,0,1,0,0,1
726,0,3,"Oreskovic, Mr. Luka",-0.719436147717457,0,0,315094,-0.47400492578514347,0,1,0,0,1
727,1,2,"Renouf, Mrs. Peter Henry (Lillian Jefferys)",0.04906228549545483,3,0,31027,-0.22559322262067316,1,0,0,0,1
728,1,3,"Mannion, Miss. Margareth",-0.10463740114712752,0,0,36866,-0.4926295114327329,1,0,0,1,0
729,0,2,"Bryhl, Mr. Kurt Arnold Gottfrid",-0.33518693111100106,1,0,236853,-0.12491978668775715,0,1,0,0,1
730,0,3,"Ilmakangas, Miss. Pieta Sofia",-0.33518693111100106,1,0,STON/O2. 3101271,-0.4888542575852486,1,0,0,0,1
732,0,3,"Hassan, Mr. Houssein G N",-1.4110847376090776,0,0,2699,-0.2701412180209885,0,1,1,0,0
733,0,2,"Knight, Mr. Robert J",-0.10463740114712752,0,0,239855,-0.6484216535389205,0,1,0,0,1
734,0,2,"Berriman, Mr. William John",-0.48888661775358344,0,0,28425,-0.3866707201133388,0,1,0,0,1
735,0,2,"Troupiansky, Mr. Moses Aaron",-0.48888661775358344,0,0,233639,-0.3866707201133388,0,1,0,0,1
736,0,3,"Williams, Mr. Leslie",-0.06621247948648194,0,0,54636,-0.32425318983493084,0,1,0,0,1
737,0,3,"Ford, Mrs. Edward (Margaret Ann Watson)",1.432359465278696,1,3,W./C. 6608,0.04370821849987721,1,0,0,0,1
739,0,3,"Ivanoff, Mr. Kanio",-0.10463740114712752,0,0,349201,-0.4894421904510968,0,1,0,0,1
740,0,3,"Nankoff, Mr. Minko",-0.10463740114712752,0,0,349218,-0.4894421904510968,0,1,0,0,1
741,1,1,"Hawksford, Mr. Walter James",-0.10463740114712752,0,0,16988,-0.04438103794142432,0,1,0,0,1
744,0,3,"McNamee, Mr. Neal",-0.41203677443229225,1,0,376566,-0.32425318983493084,0,1,0,0,1
745,1,3,"Stranden, Mr. Juho",0.12591212881674602,0,0,STON/O 2. 3101288,-0.4888542575852486,0,1,0,0,1
747,0,3,"Abbott, Mr. Rossmore Edward",-1.0268355210026217,1,1,C.A. 2673,-0.24069423801061057,0,1,0,0,1
748,1,2,"Sinkkonen, Miss. Anna",0.04906228549545483,0,0,250648,-0.3866707201133388,1,0,0,0,1
749,0,1,"Marvin, Mr. Daniel Warner",-0.7962859910387481,1,0,113773,0.4207302360686478,0,1,0,0,1
750,0,3,"Connaghton, Mr. Michael",0.12591212881674602,0,0,335097,-0.49237782784290063,0,1,0,1,0
752,1,3,"Moor, Master. Meier",-1.7953339542155335,0,1,392096,-0.397241430886295,0,1,0,0,1
753,0,3,"Vande Velde, Mr. Johannes Joseph",0.27961181545932834,0,0,345780,-0.45714212526638004,0,1,0,0,1
754,0,3,"Jonkoff, Mr. Lalio",-0.48888661775358344,0,0,349204,-0.4894421904510968,0,1,0,0,1
757,0,3,"Carlsson, Mr. August Sigfrid",-0.10463740114712752,0,0,350042,-0.49145565916975514,0,1,0,0,1
758,0,2,"Bailey, Mr. Percy Andrew",-0.8731358343600393,0,0,29108,-0.41687275089321363,0,1,0,0,1
759,0,3,"Theobald, Mr. Thomas Leonard",0.35646165878061953,0,0,363294,-0.4863374216869257,0,1,0,0,1
761,0,3,"Garfirth, Mr. John",-0.10463740114712752,0,0,358585,-0.35646868933346404,0,1,0,0,1
762,0,3,"Nirva, Mr. Iisakki Antino Aijo",0.8944105620296577,0,0,SOTON/O2 3101272,-0.5049620073345151,0,1,0,0,1
763,1,3,"Barah, Mr. Hanna Assi",-0.719436147717457,0,0,2663,-0.5028639729296732,0,1,1,0,0
765,0,3,"Eklund, Mr. Hans Linus",-1.0268355210026217,0,0,347074,-0.4918744606632361,0,1,0,0,1
767,0,1,"Brewe, Dr. Arthur Jackson",-0.10463740114712752,0,0,112379,0.1489119590497745,0,1,1,0,0
768,0,3,"Mangan, Miss. Mary",0.08748720715610042,0,0,364850,-0.49237782784290063,1,0,0,1,0
769,0,3,"Moran, Mr. Daniel J",-0.10463740114712752,1,0,371110,-0.1621689579829361,0,1,0,1,0
770,0,3,"Gronnestad, Mr. Daniel Danielsen",0.20276197213803718,0,0,8471,-0.4800453319411184,0,1,0,0,1
771,0,3,"Lievens, Mr. Rene Aime",-0.41203677443229225,0,0,345781,-0.45714212526638004,0,1,0,0,1
772,0,3,"Jensen, Mr. Niels Peder",1.432359465278696,0,0,350047,-0.4902797934380587,0,1,0,0,1
774,0,3,"Elias, Mr. Dibo",-0.10463740114712752,0,0,2674,-0.5029485386158568,0,1,1,0,0
776,0,3,"Myhrman, Mr. Pehr Fabian Oliver Malkolm",-0.8731358343600393,0,0,347078,-0.49237782784290063,0,1,0,0,1
777,0,3,"Tobin, Mr. Roger",-0.10463740114712752,0,0,383121,-0.49237782784290063,0,1,0,1,0
779,0,3,"Kilgannon, Mr. Thomas J",-0.10463740114712752,0,0,36865,-0.4926295114327329,0,1,0,1,0
781,1,3,"Ayoub, Miss. Banoura",-1.2573850509664952,0,0,2687,-0.5028639729296732,1,0,1,0,0
783,0,1,"Long, Mr. Milton Clyde",-0.027787557825836348,0,0,113501,-0.04438103794142432,0,1,0,0,1
784,0,3,"Johnston, Mr. Andrew G",-0.10463740114712752,1,2,W./C. 6607,-0.17626323901354432,0,1,0,0,1
785,0,3,"Ali, Mr. William",-0.33518693111100106,0,0,SOTON/O.Q. 3101312,-0.5064721088735089,0,1,0,0,1
786,0,3,"Harmer, Mr. Abraham (David Lishin)",-0.33518693111100106,0,0,374887,-0.5024451714361923,0,1,0,0,1
787,1,3,"Sjoblom, Miss. Anna Sofia",-0.8731358343600393,0,0,3101265,-0.4974960653257301,1,0,0,0,1
788,0,3,"Rice, Master. George Hugh",-1.6416342675729512,4,1,382652,-0.06199888922968463,0,1,0,1,0
791,0,3,"Keane, Mr. Andrew ""Andy""",-0.10463740114712752,0,0,12460,-0.49237782784290063,0,1,0,1,0
792,0,2,"Gaskell, Mr. Alfred",-1.0268355210026217,0,0,239865,-0.12491978668775715,0,1,0,0,1
794,0,1,"Hoyt, Mr. William Fisher",-0.10463740114712752,0,0,PC 17600,-0.030371322596999754,0,1,1,0,0
795,0,3,"Dantcheff, Mr. Ristiu",-0.33518693111100106,0,0,349203,-0.4894421904510968,0,1,0,0,1
796,0,2,"Otter, Mr. Richard",0.7407108753870755,0,0,28213,-0.3866707201133388,0,1,0,0,1
797,1,1,"Leader, Dr. Alice (Farnham)",1.5092093085999871,0,0,17465,-0.1263453225405672,1,0,0,0,1
798,1,3,"Osman, Mrs. Mara",0.12591212881674602,0,0,349244,-0.4735861242916626,1,0,0,0,1
799,0,3,"Ibrahim Shawah, Mr. Yousseff",0.04906228549545483,0,0,2685,-0.5028639729296732,0,1,1,0,0
800,0,3,"Van Impe, Mrs. Jean Baptiste (Rosalie Paula Govaert)",0.04906228549545483,1,1,345773,-0.1621689579829361,1,0,0,0,1
801,0,2,"Ponesell, Mr. Martin",0.35646165878061953,0,0,250647,-0.3866707201133388,0,1,0,0,1
802,1,2,"Collyer, Mrs. Harvey (Charlotte Annie Tate)",0.12591212881674602,1,1,C.A. 31921,-0.11988611489111134,1,0,0,0,1
805,1,3,"Hedman, Mr. Oskar Arvid",-0.1814872444684187,0,0,347089,-0.5079822104125026,0,1,0,0,1
806,0,3,"Johansson, Mr. Karl Johan",0.12591212881674602,0,0,347063,-0.4918744606632361,0,1,0,0,1
807,0,1,"Andrews, Mr. Thomas Jr",0.7407108753870755,0,0,112050,-0.6484216535389205,0,1,0,0,1
808,0,3,"Pettersson, Miss. Ellen Natalia",-0.8731358343600393,0,0,347087,-0.4918744606632361,1,0,0,0,1
809,0,2,"Meyer, Mr. August",0.7407108753870755,0,0,248723,-0.3866707201133388,0,1,0,0,1
810,1,1,"Chambers, Mrs. Norman Campbell (Bertha Griggs)",0.27961181545932834,1,0,113806,0.4207302360686478,1,0,0,0,1
811,0,3,"Alexander, Mr. William",-0.2583370877897099,0,0,3474,-0.4896093083547455,0,1,0,0,1
812,0,3,"Lester, Mr. James",0.7407108753870755,0,0,A/4 48871,-0.1621689579829361,0,1,0,0,1
813,0,2,"Slemen, Mr. Richard James",0.4333115021019107,0,0,28206,-0.43700743807979686,0,1,0,0,1
814,0,3,"Andersson, Miss. Ebba Iris Alfrida",-1.7953339542155335,4,2,347082,-0.01870931177853076,1,0,0,0,1
815,0,3,"Tomlin, Mr. Ernest Portage",0.08748720715610042,0,0,364499,-0.4863374216869257,0,1,0,0,1
816,0,1,"Fry, Mr. Richard",-0.10463740114712752,0,0,112058,-0.6484216535389205,0,1,0,0,1
817,0,3,"Heininen, Miss. Wendla Maria",-0.48888661775358344,0,0,STON/O2. 3101290,-0.4888542575852486,1,0,0,0,1
818,0,2,"Mallet, Mr. Albert",0.12591212881674602,1,1,S.C./PARIS 2079,0.09664633805084172,0,1,1,0,0
819,0,3,"Holm, Mr. John Fredrik Alexander",1.0481102486722402,0,0,C 7075,-0.5185529211854588,0,1,0,0,1
820,0,3,"Skoog, Master. Karl Thorsten",-1.4879345809303688,3,2,347088,-0.08666388103324908,0,1,0,0,1
822,1,3,"Lulic, Mr. Nikola",-0.1814872444684187,0,0,315098,-0.47400492578514347,0,1,0,0,1
823,0,1,"Reuchlin, Jonkheer. John George",0.6638610320657843,0,0,19972,-0.6484216535389205,0,1,0,0,1
824,1,3,"Moor, Mrs. (Beila)",-0.1814872444684187,0,1,392096,-0.397241430886295,1,0,0,0,1
826,0,3,"Flynn, Mr. John",-0.10463740114712752,0,0,368323,-0.5084855775921673,0,1,0,1,0
829,1,3,"McCormack, Mr. Thomas Joseph",-0.10463740114712752,0,0,367228,-0.49237782784290063,0,1,0,1,0
831,1,3,"Yasbeck, Mrs. Antoni (Selini Alexander)",-1.1036853643239128,1,0,2659,-0.3573908580066095,1,0,1,0,0
833,0,3,"Saad, Mr. Amin",-0.10463740114712752,0,0,2671,-0.5028639729296732,0,1,1,0,0
834,0,3,"Augustsson, Mr. Albert",-0.48888661775358344,0,0,347468,-0.4902797934380587,0,1,0,0,1
835,0,3,"Allum, Mr. Owen George",-0.8731358343600393,0,0,2223,-0.48130374989027985,0,1,0,0,1
837,0,3,"Pasic, Mr. Jakob",-0.6425863043961658,0,0,315097,-0.47400492578514347,0,1,0,0,1
838,0,3,"Sirota, Mr. Maurice",-0.10463740114712752,0,0,392092,-0.4863374216869257,0,1,0,0,1
840,1,1,"Marechal, Mr. Pierre",-0.10463740114712752,0,0,11774,-0.05042144409739929,0,1,1,0,0
841,0,3,"Alhomaki, Mr. Ilmari Rudolf",-0.719436147717457,0,0,SOTON/O2 3101287,-0.4888542575852486,0,1,0,0,1
842,0,2,"Mudd, Mr. Thomas Charles",-1.0268355210026217,0,0,S.O./P.P. 3,-0.43700743807979686,0,1,0,0,1
843,1,1,"Serepeca, Miss. Augusta",0.04906228549545483,0,0,113798,-0.024246350754841113,1,0,1,0,0
844,0,3,"Lemberopolous, Mr. Peter L",0.3948865804412651,0,0,2683,-0.5188046047752911,0,1,1,0,0
845,0,3,"Culumovic, Mr. Jeso",-0.9499856776813305,0,0,315090,-0.47400492578514347,0,1,0,0,1
846,0,3,"Abbing, Mr. Anthony",0.9712604053509489,0,0,C.A. 5547,-0.49640476528021726,0,1,0,0,1
848,0,3,"Markoff, Mr. Marin",0.4333115021019107,0,0,349213,-0.4894421904510968,0,1,1,0,0
849,0,2,"Harper, Rev. John",-0.10463740114712752,0,1,248727,0.016023023618325298,0,1,0,0,1
853,0,3,"Boulos, Miss. Nourelain",-1.56478442425166,1,1,2678,-0.3414522396297103,1,0,1,0,0
854,1,1,"Lines, Miss. Mary Conover",-1.0268355210026217,0,1,PC 17592,0.14488502161245778,1,0,0,0,1
855,0,2,"Carter, Mrs. Ernest Courtenay (Lilian Hughes)",1.1249600919935314,1,0,244252,-0.12491978668775715,1,0,0,0,1
856,1,3,"Aks, Mrs. Sam (Leah Rosen)",-0.8731358343600393,0,1,392091,-0.4601623283443675,1,0,0,0,1
859,1,3,"Baclini, Mrs. Solomon (Latifa Qurban)",-0.41203677443229225,0,3,2666,-0.26066180729354516,1,0,1,0,0
860,0,3,"Razi, Mr. Raihed",-0.10463740114712752,0,0,2629,-0.5028639729296732,0,1,1,0,0
861,0,3,"Hansen, Mr. Claus Peter",0.8944105620296577,2,0,350026,-0.36435544630444866,0,1,0,0,1
862,0,2,"Giles, Mr. Frederick Edward",-0.6425863043961658,1,0,28134,-0.41687275089321363,0,1,0,0,1
863,1,1,"Swift, Mrs. Frederick Joel (Margaret Welles Barron)",1.432359465278696,0,0,17466,-0.1263453225405672,1,0,0,0,1
865,0,2,"Gill, Mr. John William",-0.41203677443229225,0,0,233866,-0.3866707201133388,0,1,0,0,1
866,1,2,"Bystrom, Mrs. (Karolina)",0.9712604053509489,0,0,236852,-0.3866707201133388,1,0,0,0,1
867,1,2,"Duran y More, Miss. Asuncion",-0.1814872444684187,1,0,SC/PARIS 2149,-0.3693891181010945,1,0,1,0,0
868,0,1,"Roebling, Mr. Washington Augustus II",0.12591212881674602,0,0,PC 17590,0.3682954836973478,0,1,0,0,1
869,0,3,"van Melkebeke, Mr. Philemon",-0.10463740114712752,0,0,345777,-0.45714212526638004,0,1,0,0,1
871,0,3,"Balkic, Mr. Cerin",-0.2583370877897099,0,0,349248,-0.4894421904510968,0,1,0,0,1
872,1,1,"Beckwith, Mrs. Richard Leonard (Sallie Monypeny)",1.3555096219574048,1,1,11751,0.40974072380221066,1,0,0,0,1
873,0,1,"Carlsson, Mr. Frans Olof",0.27961181545932834,0,0,695,-0.5477482176060045,0,1,0,0,1
874,0,3,"Vander Cruyssen, Mr. Victor",1.3555096219574048,0,0,345765,-0.46720946885967163,0,1,0,0,1
875,1,2,"Abelson, Mrs. Samuel (Hannah Wizosky)",-0.10463740114712752,1,0,P/PP 3381,-0.16518916106092355,1,0,1,0,0
876,1,3,"Najib, Miss. Adele Kiamie ""Jane""",-1.1036853643239128,0,0,2667,-0.5029485386158568,1,0,1,0,0
877,0,3,"Gustafsson, Mr. Alfred Ossian",-0.719436147717457,0,0,7534,-0.45017955043725955,0,1,0,0,1
878,0,3,"Petroff, Mr. Nedelio",-0.7962859910387481,0,0,349212,-0.4894421904510968,0,1,0,0,1
879,0,3,"Laleff, Mr. Kristo",-0.10463740114712752,0,0,349217,-0.4894421904510968,0,1,0,0,1
881,1,2,"Shelley, Mrs. William (Imanita Parrish Hall)",-0.33518693111100106,0,1,230433,-0.12491978668775715,1,0,0,0,1
882,0,3,"Markun, Mr. Johann",0.27961181545932834,0,0,349257,-0.4894421904510968,0,1,0,0,1
883,0,3,"Dahlberg, Miss. Gerda Ulrika",-0.5657364610748746,0,0,7552,-0.4366711888037809,1,0,0,0,1
884,0,2,"Banfield, Mr. Frederick James",-0.10463740114712752,0,0,C.A./SOTON 34068,-0.43700743807979686,0,1,0,0,1
885,0,3,"Sutehall, Mr. Henry Jr",-0.33518693111100106,0,0,SOTON/OQ 392076,-0.5064721088735089,0,1,0,0,1
886,0,3,"Rice, Mrs. William (Margaret Norton)",0.7407108753870755,0,5,382652,-0.06199888922968463,1,0,0,1,0
887,0,2,"Montvila, Rev. Juozas",-0.1814872444684187,0,0,211536,-0.3866707201133388,0,1,0,0,1
888,1,1,"Graham, Miss. Margaret Edith",-0.7962859910387481,0,0,112053,-0.04438103794142432,1,0,0,0,1
889,0,3,"Johnston, Miss. Catherine Helen ""Carrie""",-0.10463740114712752,1,2,W./C. 6607,-0.17626323901354432,1,0,0,0,1
890,1,1,"Behr, Mr. Karl Howell",-0.2583370877897099,0,0,111369,-0.04438103794142432,0,1,1,0,0
891,0,3,"Dooley, Mr. Patrick",0.20276197213803718,0,0,370376,-0.49237782784290063,0,1,0,1,0
